{
    "andaman and nicobar islands": [
        13.1586,
        93.0058
    ],
    "andhra pradesh": [
        18.228,
        82.723
    ],
    "arunachal pradesh": [
        27.515,
        92.315
    ],
    "assam": [
        25.32135,
        93.4529
    ],
    "bihar": [
        27.3876,
        84.3055
    ],
    "chandigarh": [
        30.7333,
        76.7794
    ],
    "chhattisgarh": [
        18.6646,
        81.2258
    ],
    "dadra and nagar haveli": [
        20.1809,
        73.0169
    ],
    "daman and diu": [
        20.4283,
        72.8397
    ],
    "delhi": [
        28.7041,
        77.1025
    ],
    "goa": [
        15.5232,
        74.2795
    ],
    "gujarat": [
        21.5281,
        70.527199
    ],
    "haryana": [
        30.7437,
        77.0769
    ],
    "himachal pradesh": [
        31.884,
        78.735
    ],
    "jammu and kashmir": [
        33.9809,
        76.0205
    ],
    "jharkhand": [
        23.9634,
        86.129
    ],
    "karnataka": [
        13.391,
        75.721
    ],
    "kerala": [
        10.17,
        77.061
    ],
    "ladakh": [
        35.399,
        76.849
    ],
    "lakshadweep": [
        13.7,
        72.1833
    ],
    "madhya pradesh": [
        22.449,
        78.371
    ],
    "maharashtra": [
        19.6003,
        73.711
    ],
    "manipur": [
        25.531,
        94.085
    ],
    "meghalaya": [
        25.5316,
        91.8512
    ],
    "mizoram": [
        22.6315,
        93.0388
    ],
    "nagaland": [
        25.742,
        95.033
    ],
    "odisha": [
        18.675,
        82.982
    ],
    "puducherry": [
        11.9416,
        79.8083
    ],
    "punjab": [
        31.259,
        76.601
    ],
    "rajasthan": [
        24.65,
        72.776
    ],
    "sikkim": [
        27.703,
        88.148
    ],
    "tamil nadu": [
        11.401,
        76.736
    ],
    "telangana": [
        18.34194,
        80.74139
    ],
    "tripura": [
        23.809782,
        92.260971
    ],
    "uttar pradesh": [
        30.3798,
        77.6865
    ],
    "uttarakhand": [
        30.376,
        79.97
    ],
    "west bengal": [
        27.106,
        88.002
    ]
}